{"IcoMoonType":"selection","icons":[{"icon":{"paths":["M810 274l-238 238 238 238-60 60-238-238-238 238-60-60 238-238-238-238 60-60 238 238 238-238z"],"attrs":[{}],"isMulticolor":false,"isMulticolor2":false,"tags":["clear","close"],"grid":24},"attrs":[{}],"properties":{"order":1,"id":0,"name":"clear, close","prevSize":24,"code":59648},"setIdx":0,"setId":3,"iconIdx":0}],"height":1024,"metadata":{"name":"icomoon"},"preferences":{"showGlyphs":true,"showQuickUse":true,"showQuickUse2":true,"showSVGs":true,"fontPref":{"prefix":"icon-","metadata":{"fontFamily":"icomoon"},"metrics":{"emSize":1024,"baseline":6.25,"whitespace":50},"embed":false},"imagePref":{"prefix":"icon-","png":true,"useClassSelector":true,"color":0,"bgColor":16777215,"classSelector":".icon"},"historySize":50,"showCodes":true,"gridSize":16,"showGrid":false}}